id,symbol,name,image,currentPrice,marketCap,marketCapRank,fullyDilutedValuation,totalVolume,priceChangePercentage24h,marketCapChange24h,marketCapChangePercentage24h,circulatingSupply,totalSupply,maxSupply,ath,athChangePercentage,athDate,atl,atlChangePercentage,atlDate,roi,lastUpdated,roi/times,roi/currency,roi/percentage
bitcoin,btc,Bitcoin,https://assets.coingecko.com/coins/images/1/large/bitcoin.png?1696501400,46954,919106997316,1,985090166094,42580776772,7.82702,65674679336,7.69536,19593381,21000000,21000000,69045,-32.07041,2021-11-10T14:24:11.849Z,67.81,69067.55739,2013-07-06T00:00:00.000Z,,2024-01-09T03:56:06.767Z,,,
ethereum,eth,Ethereum,https://assets.coingecko.com/coins/images/279/large/ethereum.png?1696501628,2313.28,278042977812,2,278042977812,24793525083,5.60883,14724992728,5.5921,120184188.645257,120184188.645257,,4878.26,-52.56809,2021-11-10T14:24:19.604Z,0.432979,534303.01346,2015-10-20T00:00:00.000Z,,2024-01-09T03:56:13.078Z,64.86243288873499,btc,6486.243288873499
tether,usdt,Tether,https://assets.coingecko.com/coins/images/325/large/Tether.png?1696501661,1.001,94187066775,3,94187066775,57174173978,0.05711,401739811,0.42836,94091164864.7238,94091164864.7238,,1.32,-24.37686,2018-07-24T00:00:00.000Z,0.572521,74.76499,2015-03-02T00:00:00.000Z,,2024-01-09T03:55:16.770Z,,,
binancecoin,bnb,BNB,https://assets.coingecko.com/coins/images/825/large/bnb-icon2_2x.png?1696501970,299.24,46008466730,4,46008466730,1134959663,1.84995,803746081,1.77801,153856150,153856150,200000000,686.31,-56.44688,2021-05-10T07:24:17.097Z,0.0398177,750591.23335,2017-10-19T00:00:00.000Z,,2024-01-09T03:55:54.748Z,,,
solana,sol,Solana,https://assets.coingecko.com/coins/images/4128/large/solana.png?1696504756,99.07,42827801726,5,56194325210,3698517296,12.91802,5019542867,13.27631,431921553.689061,566723933.40469,,259.96,-61.94011,2021-11-06T21:54:35.825Z,0.500801,19656.38308,2020-05-11T19:35:23.449Z,,2024-01-09T03:55:49.863Z,,,
ripple,xrp,XRP,https://assets.coingecko.com/coins/images/44/large/xrp-symbol-white-128.png?1696501442,0.573307,31087658173,6,57339415629,1313265406,2.46402,760830814,2.50877,54210437480,99988065643,100000000000,3.4,-83.16983,2018-01-07T00:00:00.000Z,0.00268621,21192.66836,2014-05-22T00:00:00.000Z,,2024-01-09T03:55:51.914Z,,,
usd-coin,usdc,USDC,https://assets.coingecko.com/coins/images/6319/large/usdc.png?1696506694,1.001,25404307040,7,25404318925,12334396882,0.05351,33291461,0.13122,25360989117.6891,25361000983.0929,,1.17,-14.74625,2019-05-08T00:40:28.300Z,0.877647,13.91555,2023-03-11T08:02:13.981Z,,2024-01-09T03:55:57.511Z,,,
staked-ether,steth,Lido Staked Ether,https://assets.coingecko.com/coins/images/13442/large/steth_logo.png?1696513206,2312.16,21411568794,8,21411568794,17745360,5.69818,1170781795,5.78427,9258480.65790162,9258480.65790162,9258480.65790162,4829.57,-52.17768,2021-11-10T14:40:47.256Z,482.9,378.28341,2020-12-22T04:08:21.854Z,,2024-01-09T03:56:05.678Z,,,
cardano,ada,Cardano,https://assets.coingecko.com/coins/images/975/large/cardano.png?1696502090,0.528054,18525455815,9,23776016075,659999497,11.09508,1828614747,10.95186,35062455754.9956,45000000000,45000000000,3.09,-82.86478,2021-09-02T06:00:10.474Z,0.01925275,2647.39513,2020-03-13T02:22:55.044Z,,2024-01-09T03:55:45.396Z,,,
avalanche-2,avax,Avalanche,https://assets.coingecko.com/coins/images/12559/large/Avalanche_Circle_RedWhite_Trans.png?1696512369,35.76,13116997744,10,15551214441,989659931,11.83151,1395712549,11.9075,366601513.976815,434634423.942997,720000000,144.96,-75.33205,2021-11-21T14:18:56.538Z,2.8,1176.62049,2020-12-31T13:15:21.540Z,,2024-01-09T03:56:07.888Z,,,
dogecoin,doge,Dogecoin,https://assets.coingecko.com/coins/images/5/large/dogecoin.png?1696501409,0.079982,11394505281,11,11394506080,571541095,5.13797,589226828,5.45314,142576706383.705,142576716383.705,,0.731578,-89.07931,2021-05-08T05:08:23.458Z,0.0000869,91833.21083,2015-05-06T00:00:00.000Z,,2024-01-09T03:55:40.486Z,,,
polkadot,dot,Polkadot,https://assets.coingecko.com/coins/images/12171/large/polkadot.png?1696512008,7.33,9657583051,12,10251280494,280585743,9.39883,838325868,9.50563,1316786829.83938,1397735962.73938,,54.98,-86.66232,2021-11-04T14:10:09.301Z,2.7,171.85534,2020-08-20T05:48:11.359Z,,2024-01-09T03:55:58.953Z,,,
tron,trx,TRON,https://assets.coingecko.com/coins/images/1094/large/tron-logo.png?1696502193,0.104078,9194330673,13,9194333129,410285372,2.36916,225397340,2.51309,88275451071.3161,88275474646.9579,,0.231673,-55.12744,2018-01-05T00:00:00.000Z,0.00180434,5661.52014,2017-11-12T00:00:00.000Z,,2024-01-09T03:56:06.528Z,53.777937878187366,usd,5377.793787818737
chainlink,link,Chainlink,https://assets.coingecko.com/coins/images/877/large/chainlink-new-logo.png?1696502009,14,7959958756,14,14011545781,524809137,9.01121,662809534,9.08313,568099971.3083414,1000000000,1000000000,52.7,-73.42764,2021-05-10T00:13:57.214Z,0.148183,9349.60842,2017-11-29T00:00:00.000Z,,2024-01-09T03:55:56.772Z,,,
the-open-network,ton,Toncoin,https://assets.coingecko.com/coins/images/17980/large/ton_symbol.png?1696517498,2.24,7750016320,15,11437567252,47146758,4.11891,314346576,4.22755,3456299529.29472,5100848395.2902,,5.29,-57.6504,2021-11-12T06:50:02.476Z,0.519364,331.4183,2021-09-21T00:33:11.092Z,,2024-01-09T03:56:11.597Z,,,
matic-network,matic,Polygon,https://assets.coingecko.com/coins/images/4713/large/polygon.png?1698233745,0.817234,7593679276,16,8180249316,585372899,7.58264,551113188,7.82546,9282943566.203985,10000000000,10000000000,2.92,-72.00477,2021-12-27T02:08:34.307Z,0.00314376,25869.36205,2019-05-10T00:00:00.000Z,,2024-01-09T03:55:56.376Z,309.7352966573099,usd,30973.529665730992
wrapped-bitcoin,wbtc,Wrapped Bitcoin,https://assets.coingecko.com/coins/images/7598/large/wrapped_bitcoin_wbtc.png?1696507857,46898,7419838499,17,7419838499,418495873,7.6973,534128912,7.75706,158168.98879455,158168.98879455,158168.98879455,70643,-33.72938,2021-11-10T14:40:19.650Z,3139.17,1391.34248,2019-04-02T00:00:00.000Z,,2024-01-09T03:56:10.034Z,,,
internet-computer,icp,Internet Computer,https://assets.coingecko.com/coins/images/14495/large/Internet_Computer_logo.png?1696514180,13.18,6005298433,18,6768310921,443521783,24.04777,1162989850,24.01726,455049852.854508,512866916.270284,,700.65,-98.12268,2021-05-10T16:05:53.653Z,2.87,359.10338,2023-09-22T00:29:57.369Z,,2024-01-09T03:55:58.552Z,,,
shiba-inu,shib,Shiba Inu,https://assets.coingecko.com/coins/images/11939/large/shiba.png?1696511800,0.00000941,5552564914,19,9422282156,202966815,7.71222,427511086,8.34159,589291111693461.5,999982388721745,,0.00008616,-89.08698,2021-10-28T03:54:55.568Z,0.000000000056366,16680979.88246,2020-11-28T11:26:25.838Z,,2024-01-09T03:56:01.057Z,,,
dai,dai,Dai,https://assets.coingecko.com/coins/images/9956/large/Badge_Dai.png?1696509996,1,5304640490,20,5305647400,201392716,0.29853,35036191,0.66487,5302473082.79197,5303479581.63991,,1.22,-17.90581,2020-03-13T03:02:50.373Z,0.88196,13.45994,2023-03-11T07:50:50.514Z,,2024-01-09T03:55:15.429Z,,,
litecoin,ltc,Litecoin,https://assets.coingecko.com/coins/images/2/large/litecoin.png?1696501400,66.93,4953186771,21,5617081827,959915844,7.38095,314370573,6.77696,74071858.2334713,84000000,84000000,410.26,-83.70086,2021-05-10T03:13:07.904Z,1.15,5720.54085,2015-01-14T00:00:00.000Z,,2024-01-09T03:56:10.510Z,,,
bitcoin-cash,bch,Bitcoin Cash,https://assets.coingecko.com/coins/images/780/large/bitcoin-cash-circle.png?1696501932,248.29,4869832197,22,5215405620,324212534,9.00177,419677353,9.43062,19608537.3966508,21000000,21000000,3785.82,-93.42826,2017-12-20T00:00:00.000Z,76.93,223.38321,2018-12-16T00:00:00.000Z,,2024-01-09T03:56:12.668Z,,,
uniswap,uni,Uniswap,https://assets.coingecko.com/coins/images/12504/large/uni.jpg?1696512319,6.15,4636203450,23,6150714343,235010351,6.44101,264872425,6.05931,753766667,1000000000,1000000000,44.92,-86.3521,2021-05-03T05:25:04.822Z,1.03,495.08319,2020-09-17T01:20:38.214Z,,2024-01-09T03:56:04.641Z,,,
cosmos,atom,Cosmos Hub,https://assets.coingecko.com/coins/images/1481/large/cosmos_hub.png?1696502525,9.9,3777625539,24,3777625539,185176484,8.62117,298904554,8.59237,382077064.447603,382077064.447603,,44.45,-77.84366,2022-01-17T00:34:41.497Z,1.16,748.92743,2020-03-13T02:27:44.591Z,,2024-01-09T03:56:07.455Z,98.00692139828146,usd,9800.692139828147
leo-token,leo,LEO Token,https://assets.coingecko.com/coins/images/8418/large/leo-token.png?1696508607,4.04,3744089773,25,3975055339,1456560,3.64039,134207041,3.71777,927993407.9,985239504,,8.14,-50.47793,2022-02-08T17:40:10.285Z,0.799859,403.6875,2019-12-24T15:14:35.376Z,,2024-01-09T03:55:37.883Z,,,
injective-protocol,inj,Injective,https://assets.coingecko.com/coins/images/12882/large/Secondary_Symbol.png?1696512670,42.77,3614193863,26,4289561484,521910625,21.85964,660237884,22.35097,84255555.66,100000000,,44.57,-4.05433,2023-12-24T05:35:15.371Z,0.657401,6405.39347,2020-11-03T16:19:30.576Z,,2024-01-09T03:56:04.553Z,,,
near,near,NEAR Protocol,https://assets.coingecko.com/coins/images/10365/large/near.jpg?1696510367,3.41,3457011434,27,3993773133,289388508,13.11859,402581161,13.18024,1013883365.91323,1171306553.21954,,20.44,-83.34741,2022-01-16T22:09:45.873Z,0.526762,546.11206,2020-11-04T16:09:15.137Z,,2024-01-09T03:56:09.378Z,,,
stellar,xlm,Stellar,https://assets.coingecko.com/coins/images/100/large/Stellar_symbol_black_RGB.png?1696501482,0.119135,3370753123,28,5961266804,93830071,3.77455,122978227,3.78654,28273131437.1007,50001787052.8864,50001787052.8864,0.875563,-86.41931,2018-01-03T00:00:00.000Z,0.00047612,24874.08734,2015-03-05T00:00:00.000Z,,2024-01-09T03:56:13.859Z,,,
okb,okb,OKB,https://assets.coingecko.com/coins/images/4463/large/WeChat_Image_20220118095654.png?1696505053,54.16,3253238742,29,12793778056,6449449,2.89519,102014972,3.23731,60000000,235957685.3,300000000,64.92,-16.35359,2023-11-14T16:15:10.918Z,0.580608,9253.0914,2019-01-14T00:00:00.000Z,,2024-01-09T03:56:14.357Z,,,
optimism,op,Optimism,https://assets.coingecko.com/coins/images/25244/large/Optimism.png?1696524385,3.39,3248853282,30,14574922673,311437953,13.09768,523995883,19.23021,957378568,4294967296,4294967296,4.13,-18.16772,2023-12-27T19:10:43.356Z,0.402159,740.97411,2022-06-18T20:54:52.178Z,,2024-01-09T03:56:00.293Z,,,
ethereum-classic,etc,Ethereum Classic,https://assets.coingecko.com/coins/images/453/large/ethereum-classic-logo.png?1696501717,20.2,2890094043,31,4252331013,142541168,7.31246,195872609,7.2701,143202119.751449,210700000,210700000,167.09,-87.90978,2021-05-06T18:34:22.133Z,0.615038,3184.51083,2016-07-25T00:00:00.000Z,,2024-01-09T03:56:09.288Z,43.895371587020776,usd,4389.537158702078
filecoin,fil,Filecoin,https://assets.coingecko.com/coins/images/12817/large/filecoin.png?1696512609,5.76,2833697008,32,11281718812,348005151,9.73857,251802158,9.75261,492551854,1960982950,1960982950,236.84,-97.57381,2021-04-01T13:29:41.564Z,2.64,117.57946,2022-12-16T22:45:28.552Z,,2024-01-09T03:55:54.510Z,,,
blockstack,stx,Stacks,https://assets.coingecko.com/coins/images/2069/large/Stacks_logo_full.png?1696503035,1.99,2831621281,33,3597137415,398023965,23.54027,532214602,23.14574,1431106709.23134,1818000000,1818000000,3.39,-41.44198,2021-12-01T01:32:34.725Z,0.04559639,4253.20382,2020-03-13T02:29:26.415Z,,2024-01-09T03:55:35.851Z,15.586364233079058,usd,1558.636423307906
lido-dao,ldo,Lido DAO,https://assets.coingecko.com/coins/images/13573/large/Lido_DAO.png?1696513326,3.1,2767957926,34,3109447735,160881609,9.25148,230790545,9.09639,890176700.551559,1000000000,1000000000,7.3,-57.37888,2021-08-20T08:35:20.158Z,0.40615,666.35913,2022-06-18T20:55:12.035Z,,2024-01-09T03:56:05.500Z,,,
hedera-hashgraph,hbar,Hedera,https://assets.coingecko.com/coins/images/3688/large/hbar.png?1696504364,0.079971,2687424136,35,3995826895,90583553,11.05112,266523686,11.00928,33627884869.5176,50000000000,50000000000,0.569229,-85.97861,2021-09-15T10:40:28.318Z,0.00986111,709.37945,2020-01-02T17:30:24.852Z,,2024-01-09T03:56:06.769Z,,,
monero,xmr,Monero,https://assets.coingecko.com/coins/images/69/large/monero_logo.png?1696501460,147.33,2675854970,36,,136086396,1.39196,41183115,1.56312,18147820.3764146,,,542.33,-72.82758,2018-01-09T00:00:00.000Z,0.216177,68067.83944,2015-01-14T00:00:00.000Z,,2024-01-09T03:56:04.139Z,,,
aptos,apt,Aptos,https://assets.coingecko.com/coins/images/26455/large/aptos_round.png?1696525528,8.63,2664702267,37,9270422375,169561565,7.9959,197542001,8.00686,308915845.804572,1074709322.9315,,19.92,-56.75773,2023-01-26T14:25:17.390Z,3.08,179.69496,2022-12-29T21:35:14.796Z,,2024-01-09T03:55:44.418Z,,,
immutable-x,imx,Immutable,https://assets.coingecko.com/coins/images/17233/large/immutableX-symbol-BLK-RGB.png?1696516787,1.98,2615288638,38,3956595063,80430049,10.06709,241587181,10.17766,1321989537.490024,2000000000,2000000000,9.52,-79.22124,2021-11-26T01:03:01.536Z,0.378055,423.23759,2022-12-31T07:36:37.649Z,,2024-01-09T03:56:03.799Z,,,
kaspa,kas,Kaspa,https://assets.coingecko.com/coins/images/25751/large/kaspa-icon-exchanges.png?1696524837,0.113579,2530199901,39,2530199113,36438738,11.93721,291027216,12.99709,22242215598.1107,22242208668.5445,28704026601,0.152699,-25.78522,2023-11-19T21:34:58.238Z,0.00017105,66153.03663,2022-05-26T14:42:59.316Z,,2024-01-09T03:56:01.167Z,,,
crypto-com-chain,cro,Cronos,https://assets.coingecko.com/coins/images/7310/large/cro_token_logo.png?1696507599,0.09076,2403408501,40,2724131251,17896377,7.80624,177785363,7.98812,26467981312.0259,30000000000,,0.965407,-90.6064,2021-11-24T15:53:54.855Z,0.0121196,648.26317,2019-02-08T00:00:00.000Z,,2024-01-09T03:56:07.140Z,,,
arbitrum,arb,Arbitrum,https://assets.coingecko.com/coins/images/16547/large/photo_2023-03-29_21.47.00.jpeg?1696516109,1.8,2293283760,41,17986539290,1127018849,10.27469,228954623,11.09099,1275000000,10000000000,10000000000,2.11,-14.76046,2024-01-04T19:31:06.019Z,0.744925,141.38046,2023-09-11T19:40:49.196Z,,2024-01-09T03:55:47.426Z,,,
celestia,tia,Celestia,https://assets.coingecko.com/coins/images/31967/large/tia.jpg?1696530772,15.75,2287930332,42,15760844081,406361703,20.4174,384668914,20.21104,145865445.558202,1004821917.8082,,17.13,-8.61329,2024-01-05T09:10:02.903Z,2.08,651.20303,2023-10-31T15:14:31.951Z,,2024-01-09T03:55:53.709Z,,,
vechain,vet,VeChain,https://assets.coingecko.com/coins/images/1167/large/VET_Token_Icon.png?1696502256,0.03073429,2237148062,43,2645431429,112706974,11.49538,228890462,11.39747,72714516834,85985041177,86712634466,0.280991,-89.06384,2021-04-19T01:08:21.675Z,0.00191713,1502.89585,2020-03-13T02:29:59.652Z,,2024-01-09T03:55:51.155Z,3.648551334636554,eth,364.8551334636554
true-usd,tusd,TrueUSD,https://assets.coingecko.com/coins/images/3449/large/tusd.png?1696504140,0.997634,2186532735,44,2186532735,332713355,-0.18531,-16057627.30179882,-0.72903,2191213223.34,2191213223.34,,1.62,-38.43005,2018-08-26T20:41:09.375Z,0.88355,12.78566,2020-03-12T10:47:51.380Z,,2024-01-09T03:55:57.047Z,,,
first-digital-usd,fdusd,First Digital USD,https://assets.coingecko.com/coins/images/31079/large/firstfigital.jpeg?1696529912,1.001,1937374768,45,1937374768,4830191505,0.12282,98790621,5.37319,1938086728.41,1938086728.41,,1.041,-4.07396,2023-10-23T22:55:15.103Z,0.942129,6.02803,2023-08-17T21:55:41.478Z,,2024-01-09T03:55:52.379Z,,,
mantle,mnt,Mantle,https://assets.coingecko.com/coins/images/30980/large/token-logo.png?1696529819,0.607162,1896867676,46,3772163166,179322210,4.18594,75227377,4.12965,3127441863.03314,6219316794.99,6219316794.99,0.691136,-12.20981,2024-01-03T06:34:43.805Z,0.307978,97.01112,2023-10-18T02:50:46.942Z,,2024-01-09T03:55:46.481Z,,,
bitcoin-cash-sv,bsv,Bitcoin SV,https://assets.coingecko.com/coins/images/6799/large/BSV.png?1696507128,91.56,1790784239,47,1918522431,293257551,27.27884,373360124,26.34075,19601787.5,21000000,21000000,489.75,-81.14835,2021-04-16T17:09:04.630Z,21.43,330.72914,2023-06-10T04:32:12.266Z,,2024-01-09T03:55:51.358Z,,,
quant-network,qnt,Quant,https://assets.coingecko.com/coins/images/3370/large/5ZOu7brX_400x400.jpg?1696504070,118.12,1717986117,48,1726055834,35435311,8.55483,136869208,8.65649,14544176.164091088,14612493,14612493,427.42,-72.38402,2021-09-11T09:15:00.668Z,0.215773,54604.11803,2018-08-23T00:00:00.000Z,,2024-01-09T03:56:06.971Z,20.953806926764393,eth,2095.380692676439
maker,mkr,Maker,https://assets.coingecko.com/coins/images/1364/large/Mark_Maker.png?1696502423,1843.74,1698889452,49,1805091608,188769967,5.57297,95654586,5.96635,920112.336426501,977631.036950888,1005577,6292.31,-70.689,2021-05-03T21:54:29.333Z,168.36,995.49006,2020-03-16T20:52:36.527Z,,2024-01-09T03:55:52.535Z,,,
sei-network,sei,Sei,https://assets.coingecko.com/coins/images/28205/large/Sei_Logo_-_Transparent.png?1696527207,0.730682,1681025102,50,7308804789,432837399,19.36615,282843163,20.22935,2300000000,10000000000,,0.877895,-16.8862,2024-01-03T21:20:26.826Z,0.095364,665.12447,2023-10-19T08:05:30.655Z,,2024-01-09T03:55:53.259Z,,,
algorand,algo,Algorand,https://assets.coingecko.com/coins/images/4380/large/download.png?1696504978,0.199896,1605212680,51,1605212680,123699630,18.12994,246611259,18.15185,8033391948.03514,8033391948.03514,10000000000,3.56,-94.38004,2019-06-20T14:51:19.480Z,0.087513,128.69104,2023-09-11T19:42:08.247Z,,2024-01-09T03:55:53.392Z,-0.9167099319187051,usd,-91.67099319187051
ordinals,ordi,ORDI,https://assets.coingecko.com/coins/images/30162/large/ordi.png?1696529082,76.06,1597236192,52,1597236192,644160547,16.05197,218904143,15.88181,21000000,21000000,,89.94,-15.25523,2024-01-02T11:30:17.565Z,2.86,2564.10442,2023-09-11T15:22:32.140Z,,2024-01-09T03:55:53.977Z,,,
the-graph,grt,The Graph,https://assets.coingecko.com/coins/images/13397/large/Graph_Token.png?1696513159,0.167668,1572499588,53,1811592769,82822807,9.26857,135417813,9.42311,9364208470.75522,10788004319,10788004319,2.84,-94.1001,2021-02-12T07:28:45.775Z,0.052051,222.08013,2022-11-22T10:05:03.503Z,,2024-01-09T03:56:08.079Z,,,
bittensor,tao,Bittensor,https://assets.coingecko.com/coins/images/28452/large/ARUsPeNQ_400x400.jpeg?1696527447,258.48,1549552888,54,1549552888,14202368,28.6873,375370030,31.96862,6007252,6007252,21000000,394,-34.68358,2023-12-14T20:03:59.063Z,30.83,734.73625,2023-05-14T08:57:53.732Z,,2024-01-09T03:55:32.164Z,,,
render-token,rndr,Render,https://assets.coingecko.com/coins/images/11636/large/rndr.png?1696511529,4.02,1507451840,55,2138312915,188970141,16.04982,210121466,16.19645,374368558.687948,531039932.967948,531039932.967948,8.78,-54.37435,2021-11-21T10:03:19.097Z,0.03665669,10831.98756,2020-06-16T13:22:25.900Z,,2024-01-09T03:56:03.265Z,,,
thorchain,rune,THORChain,https://assets.coingecko.com/coins/images/6595/large/Rune200x200.png?1696506946,4.95,1489978816,56,2477512532,908507831,11.0974,149958210,11.19074,300700561,500000000,500000000,20.87,-76.23682,2021-05-19T00:30:09.436Z,0.00851264,58152.18315,2019-09-28T00:00:00.000Z,,2024-01-09T03:55:56.421Z,129.36592823216932,usd,12936.592823216932
elrond-erd-2,egld,MultiversX,https://assets.coingecko.com/coins/images/12335/large/egld-token-logo.png?1696512162,54.24,1433750702,57,1434030209,44290797,12.77419,163803081,12.89841,26427528,26432680,31415926,545.64,-90.06663,2021-11-23T10:33:26.737Z,6.51,732.99835,2020-10-07T01:44:53.554Z,,2024-01-09T03:56:09.108Z,,,
aave,aave,Aave,https://assets.coingecko.com/coins/images/12645/large/AAVE.png?1696512452,97.14,1428322389,58,1554200608,167687201,7.20906,97694770,7.34201,14704123.84531496,16000000,16000000,661.69,-85.31832,2021-05-18T21:19:59.514Z,26.02,273.31071,2020-11-05T09:20:11.928Z,,2024-01-09T03:55:56.825Z,,,
rocket-pool-eth,reth,Rocket Pool ETH,https://assets.coingecko.com/coins/images/20764/large/reth.png?1696520159,2524.64,1420190998,59,1420190998,4824312,4.95406,70102724,5.19245,562157.139322025,562157.139322025,,4814.31,-47.58345,2021-12-01T08:03:50.749Z,887.26,184.4133,2022-06-18T20:55:45.957Z,,2024-01-09T03:55:40.591Z,,,
sats-ordinals,sats,SATS (Ordinals),https://assets.coingecko.com/coins/images/30666/large/_dD8qr3M_400x400.png?1702913020,0.000000645356,1357061580,60,1357061580,60775135,11.11074,140911681,11.5867,2100000000000000,2100000000000000,2100000000000000,0.000000922983,-30.25199,2023-12-15T11:45:07.985Z,0.000000003189,20086.29749,2023-07-08T13:03:18.882Z,,2024-01-09T03:55:28.388Z,,,
mina-protocol,mina,Mina Protocol,https://assets.coingecko.com/coins/images/15628/large/JM4_vQ34_400x400.png?1696515261,1.18,1214791610,61,1310714702,85536462,20.95614,210442932,20.95317,1031137967.84004,1112559292.84004,,9.09,-87.06504,2021-06-01T01:42:37.064Z,0.351341,234.66962,2023-10-11T04:00:22.740Z,,2024-01-09T03:55:31.830Z,,,
osmosis,osmo,Osmosis,https://assets.coingecko.com/coins/images/16724/large/osmo.png?1696516298,1.89,1198927873,62,1892845871,45856258,10.88238,119393239,11.0597,633386517,999979298,1000000000,11.25,-83.23051,2022-03-04T05:12:18.707Z,0.224523,740.18696,2023-10-19T17:45:36.695Z,,2024-01-09T03:56:14.567Z,,,
flow,flow,Flow,https://assets.coingecko.com/coins/images/13446/large/5f6294c0c7a8cda55cb1c936_Flow_Wordmark.png?1696513210,0.801235,1186875487,63,1186875487,66600213,11.57536,126152107,11.89303,1480895188,1480895187.87914,1480895187.87914,42.4,-98.11196,2021-04-05T13:49:10.098Z,0.391969,104.2196,2023-09-11T19:41:06.528Z,,2024-01-09T03:55:59.977Z,,,
fantom,ftm,Fantom,https://assets.coingecko.com/coins/images/4001/large/Fantom_round.png?1696504642,0.394745,1106091699,64,1252602907,107899317,10.16335,102968164,10.26475,2803634835.52659,3175000000,3175000000,3.46,-88.58609,2021-10-28T05:19:39.845Z,0.00190227,20651.96866,2020-03-13T02:25:38.280Z,,2024-01-09T03:55:53.842Z,12.15816699090163,usd,1215.816699090163
havven,snx,Synthetix Network,https://assets.coingecko.com/coins/images/3406/large/SNX.png?1696504103,3.31,1085329629,65,1086733299,59916244,5.51679,56058535,5.44643,327769196.13952357,328193104.088774,328193104.088774,28.53,-88.40404,2021-02-14T01:12:38.505Z,0.0347864,9411.16968,2019-01-06T00:00:00.000Z,,2024-01-09T03:55:55.553Z,5.625041061157714,usd,562.5041061157714
theta-token,theta,Theta Network,https://assets.coingecko.com/coins/images/2538/large/theta-token-logo.png?1696503349,1.069,1070129773,66,1070129773,25015222,6.15636,66175264,6.59146,1000000000,1000000000,1000000000,15.72,-93.20376,2021-04-16T13:15:11.190Z,0.04039979,2544.44446,2020-03-13T02:24:16.483Z,,2024-01-09T03:56:13.964Z,6.12476317704664,usd,612.476317704664
axie-infinity,axs,Axie Infinity,https://assets.coingecko.com/coins/images/13029/large/axie_infinity_logo.png?1696512817,7.82,1058264407,67,2111337060,69835122,12.00846,111399391,11.76508,135331963.49055,270000000,270000000,164.9,-95.25803,2021-11-06T19:29:29.482Z,0.123718,6220.33654,2020-11-06T08:05:43.662Z,,2024-01-09T03:55:55.242Z,,,
the-sandbox,sand,The Sandbox,https://assets.coingecko.com/coins/images/12129/large/sandbox_logo.jpg?1696511971,0.493072,1045922429,68,1480964745,106342674,9.85639,95463804,10.04397,2118731926.2233226,3000000000,3000000000,8.4,-94.13095,2021-11-25T06:04:40.957Z,0.02897764,1600.66274,2020-11-04T15:59:14.441Z,,2024-01-09T03:56:08.444Z,,,
bittorrent,btt,BitTorrent,https://assets.coingecko.com/coins/images/22457/large/btt_logo.png?1696521780,0.00000107,1040109538,69,1063477656,39174396,8.37844,77324725,8.03136,968246428571000,990000000000000,990000000000000,0.00000343,-68.68417,2022-01-21T04:00:31.909Z,0.000000365368,194.1016,2023-10-13T05:10:41.241Z,,2024-01-09T03:56:01.859Z,,,
tokenize-xchange,tkx,Tokenize Xchange,https://assets.coingecko.com/coins/images/4984/large/TKX_-_Logo_-_RGB-15.png?1696505519,12.44,995268226,70,1244147491,19061145,1.1907,10637222,1.08033,79995999.94518414,100000000,100000000,22.3,-44.28539,2022-10-31T10:23:59.455Z,0.111255,11065.60584,2019-04-28T00:00:00.000Z,,2024-01-09T03:55:53.388Z,41.8068175084547,usd,4180.68175084547
beam-2,beam,Beam,https://assets.coingecko.com/coins/images/32417/large/chain-logo.png?1698114384,0.01975235,977962589,71,1235832335,33879714,19.8963,162222240,19.8865,49549749381.4412,62615056183.5095,62615056183.5095,0.02720031,-27.3304,2023-12-14T05:24:58.029Z,0.0043383,355.62438,2023-10-29T08:20:14.064Z,,2024-01-09T03:55:49.798Z,,,
kucoin-shares,kcs,KuCoin,https://assets.coingecko.com/coins/images/1047/large/sa9z79.png?1696502152,9.92,958726854,72,1429950297,241403,1.16069,10359879,1.09239,96641044.2890287,144141044.288945,,28.83,-65.2944,2021-12-01T15:09:35.541Z,0.342863,2818.24574,2019-02-07T00:00:00.000Z,,2024-01-09T03:55:34.168Z,,,
sui,sui,Sui,https://assets.coingecko.com/coins/images/26375/large/sui_asset.jpeg?1696525453,0.84585,932383506,73,8468921072,193175282,13.54794,108146450,13.12079,1100947214.55346,10000000000,10000000000,2.16,-60.90754,2023-05-03T12:00:26.430Z,0.364846,131.70871,2023-10-19T10:40:30.078Z,,2024-01-09T03:56:14.005Z,,,
wemix-token,wemix,WEMIX,https://assets.coingecko.com/coins/images/12998/large/wemixcoin_color_200.png?1696512788,2.59,913109816,74,2464334986,5336556,3.71859,30911470,3.50391,351974282.183501,949921381.152637,,24.71,-89.51218,2021-11-21T17:33:44.178Z,0.128398,1918.50818,2021-06-22T12:52:49.089Z,,2024-01-09T03:55:50.631Z,,,
whitebit,wbt,WhiteBIT Coin,https://assets.coingecko.com/coins/images/27045/large/wbt_token.png?1696526096,6.23,897160774,75,2250823240,8952559,2.82251,22155728,2.53207,144118517.10815412,361568759,400000000,14.64,-57.56874,2022-10-28T12:32:18.119Z,3.06,102.95468,2023-02-13T19:01:21.899Z,,2024-01-09T03:55:52.875Z,,,
bitget-token,bgb,Bitget Token,https://assets.coingecko.com/coins/images/11610/large/icon_colour.png?1696511504,0.636681,890741601,76,1272487093,16620292,5.05515,42195112,4.97263,1400001000,2000000000,2000000000,0.701227,-9.40269,2023-12-19T07:13:51.026Z,0.0142795,4348.98631,2020-06-25T04:17:05.895Z,,2024-01-09T03:55:52.062Z,,,
cheelee,cheel,Cheelee,https://assets.coingecko.com/coins/images/28573/large/CHEEL_%D1%82%D0%BE%D0%BD%D0%BA%D0%B0%D1%8F_%D0%BE%D0%B1%D0%B2%D0%BE%D0%B4%D0%BA%D0%B0_%283%29.png?1696527561,15.79,849718115,77,15782368371,5447690,4.54388,34264801,4.20193,53839708.6410193,1000000000,1000000000,17.32,-8.89043,2023-07-16T21:40:08.888Z,3.44,358.76897,2023-02-13T02:53:08.933Z,,2024-01-09T03:55:55.209Z,,,
tezos,xtz,Tezos,https://assets.coingecko.com/coins/images/976/large/Tezos-logo.png?1696502091,0.924492,831321382,78,914553941,35800085,10.56979,80834288,10.77091,897684939.965869,987561870.788134,,9.12,-89.85682,2021-10-04T00:41:18.025Z,0.350476,163.82934,2018-12-07T00:00:00.000Z,,2024-01-09T03:56:03.564Z,0.9670048385525845,usd,96.70048385525844
neo,neo,NEO,https://assets.coingecko.com/coins/images/480/large/NEO_512_512.png?1696501735,11.77,830291017,79,1177216812,41633988,9.26066,71881828,9.47797,70530000,100000000,,198.38,-94.07026,2018-01-15T00:00:00.000Z,0.078349,14914.14138,2016-10-21T00:00:00.000Z,,2024-01-09T03:55:59.885Z,325.8811677431778,usd,32588.11677431778
astar,astr,Astar,https://assets.coingecko.com/coins/images/22617/large/astr.png?1696521933,0.151292,829356327,80,1261686564,103361350,29.2177,186678956,29.04707,5485281836,8344671843,,0.421574,-64.05968,2022-01-17T13:34:36.289Z,0.03269521,363.41602,2022-10-13T13:05:41.982Z,,2024-01-09T03:55:40.369Z,,,
oasis-network,rose,Oasis Network,https://assets.coingecko.com/coins/images/13162/large/rose.png?1696512946,0.123024,827614232,81,1229776124,44491798,13.20612,95492767,13.0433,6729795897.58809,10000000000,10000000000,0.597347,-79.39001,2022-01-15T03:31:11.062Z,0.03200566,284.66025,2020-11-26T17:09:12.182Z,,2024-01-09T03:55:36.504Z,,,
decentraland,mana,Decentraland,https://assets.coingecko.com/coins/images/878/large/decentraland-mana.png?1696502010,0.447329,825883468,82,980701993,51398727,10.02743,76237095,10.16974,1846953062.5328758,2193179327.32015,2193179327.32015,5.85,-92.35625,2021-11-25T10:04:18.534Z,0.00923681,4741.73733,2017-10-31T00:00:00.000Z,,2024-01-09T03:56:11.518Z,21.366474174648985,usd,2136.6474174648984
eos,eos,EOS,https://assets.coingecko.com/coins/images/738/large/eos-eos-logo.png?1696501893,0.727797,825858199,83,,130738394,6.43194,50815940,6.55654,1134658007.7855,,,22.71,-96.79763,2018-04-29T07:50:33.540Z,0.5024,44.76505,2017-10-23T00:00:00.000Z,,2024-01-09T03:56:13.940Z,-0.26485144132130123,usd,-26.48514413213012
kava,kava,Kava,https://assets.coingecko.com/coins/images/9761/large/kava.png?1696509822,0.753161,815071647,84,815071646,19793162,8.13835,60917229,8.07755,1082861851,1082861850,,9.12,-91.74549,2021-08-30T11:10:02.948Z,0.287137,162.18545,2020-03-13T02:24:16.835Z,,2024-01-09T03:56:03.680Z,,,
gala,gala,GALA,https://assets.coingecko.com/coins/images/12493/large/GALA-COINGECKO.png?1696512310,0.0259744,812488520,85,812488265,392708150,12.26823,91810481,12.73946,31296647139.3476,31296637315.5917,50000000000,0.824837,-96.85716,2021-11-26T01:03:48.731Z,0.00013475,19138.14762,2020-12-28T08:46:48.367Z,,2024-01-09T03:56:13.238Z,,,
binance-usd,busd,BUSD,https://assets.coingecko.com/coins/images/9576/large/BUSDLOGO.jpg?1696509654,1.002,776237468,86,776237468,8082023333,0.48327,-153099275.03382266,-16.47404,775136119.74,775136119.74,,1.15,-13.60033,2020-03-13T02:35:42.953Z,0.901127,10.66457,2021-05-19T13:04:37.445Z,,2024-01-09T03:56:00.111Z,,,
helium,hnt,Helium,https://assets.coingecko.com/coins/images/4284/large/Helium_HNT.png?1696504894,5.39,775435757,87,1201392219,12868562,10.17828,71822702,10.2077,143934820.830308,223000000,223000000,54.88,-90.23185,2021-11-12T23:08:25.301Z,0.113248,4633.40776,2020-04-18T00:19:10.902Z,,2024-01-09T03:55:56.030Z,,,
woo-network,woo,WOO,https://assets.coingecko.com/coins/images/12921/large/WOO_Logos_2023_Profile_Pic_WOO.png?1696512709,0.425823,770965927,88,950558190,50742367,15.41964,107087801,16.13064,1809030893.11776,2230434666.90186,2230434666.90186,1.78,-76.08601,2021-11-15T13:44:18.437Z,0.02211546,1822.91194,2021-01-04T10:19:13.803Z,,2024-01-09T03:55:52.137Z,,,
bonk,bonk,Bonk,https://assets.coingecko.com/coins/images/28600/large/bonk.jpg?1696527587,0.00001264,767577185,89,1182059948,233418004,29.92983,178105567,30.21444,60837624528359.55,93689234980611.55,100000000000000,0.00003416,-63.57012,2023-12-15T07:35:13.369Z,0.000000086142,14347.73183,2022-12-29T22:48:46.755Z,,2024-01-09T03:55:51.867Z,,,
iota,iota,IOTA,https://assets.coingecko.com/coins/images/692/large/IOTA_Swirl.png?1696501881,0.243547,748590125,90,1119331224,22550801,7.96465,55302255,7.97681,3076403570,4600000000,4600000000,5.25,-95.36049,2017-12-19T00:00:00.000Z,0.081637,198.29163,2020-03-13T02:22:41.168Z,,2024-01-09T03:56:14.476Z,2.870393088977153,btc,287.0393088977153
usdd,usdd,USDD,https://assets.coingecko.com/coins/images/25380/large/UUSD.jpg?1696524513,0.99007,718696587,91,,11506266,0.23549,1361109,0.18975,725332033.742248,,,1.052,-5.99006,2023-10-23T22:45:25.398Z,0.928067,6.5456,2022-06-19T16:15:11.558Z,,2024-01-09T03:55:33.941Z,,,
akash-network,akt,Akash Network,https://assets.coingecko.com/coins/images/12785/large/akash-logo.png?1696512580,3.18,713157601,92,713158386,9907315,12.88095,79633246,12.56988,224721137.948608,224721385.387913,388539008,8.07,-60.73665,2021-04-06T18:59:48.484Z,0.164994,1821.58845,2022-11-21T20:30:53.727Z,,2024-01-09T03:54:43.195Z,,,
pancakeswap-token,cake,PancakeSwap,https://assets.coingecko.com/coins/images/12632/large/pancakeswap-cake-logo_%281%29.png?1696512440,2.92,711910056,93,1127270440,88687103,6.25918,28253185,4.13266,243675323.118189,385846479.485489,450000000,43.96,-93.36122,2021-04-30T10:08:22.934Z,0.194441,1401.08207,2020-11-03T14:29:34.165Z,,2024-01-09T03:56:10.137Z,,,
terra-luna,lunc,Terra Luna Classic,https://assets.coingecko.com/coins/images/8284/large/01_LunaClassic_color.png?1696508486,0.00012138,710712151,94,827431785,88492540,12.68891,81337885,12.92361,5852887746920.81,6814102376671.46,,119.18,-99.9999,2022-04-05T12:24:58.854Z,0.000000999967,12008.28763,2022-05-13T02:34:40.340Z,,2024-01-09T03:56:13.203Z,,,
fetch-ai,fet,Fetch.ai,https://assets.coingecko.com/coins/images/5681/large/Fetch.jpg?1696506140,0.671574,700769565,95,774331011,116184186,14.25718,90093910,14.75315,1043462805,1152997575,1152997575,1.17,-42.58019,2021-09-08T02:24:24.858Z,0.00816959,8137.34756,2020-03-13T02:24:18.347Z,,2024-01-09T03:55:57.918Z,6.745947847856919,usd,674.5947847856919
dydx,ethdydx,dYdX,https://assets.coingecko.com/coins/images/17500/large/hjnIm9bV.jpg?1696517040,2.58,699022582,96,2583155504,114184848,10.02298,65840317,10.39832,270608014.35696363,1000000000,1000000000,27.86,-90.73783,2021-09-30T01:23:43.570Z,1.011,155.34103,2022-06-18T20:55:50.603Z,,2024-01-09T03:55:50.233Z,,,
xdce-crowd-sale,xdc,XDC Network,https://assets.coingecko.com/coins/images/2912/large/xdc-icon.png?1696503661,0.050044,697550552,97,1902336421,16991665,1.81583,13945240,2.03995,13889995047.9,37880327674.95,,0.192754,-73.81204,2021-08-21T04:39:48.324Z,0.00039532,12669.05119,2019-07-22T00:00:00.000Z,,2024-01-09T03:56:12.004Z,1.8764834475504548,eth,187.64834475504549
frax-ether,frxeth,Frax Ether,https://assets.coingecko.com/coins/images/28284/large/frxETH_icon.png?1696527284,2294.15,695816853,98,695816853,3667852,4.84699,32055918,4.82944,303651.28997699,303651.28997699,,2427.56,-5.63574,2023-12-28T01:15:01.712Z,1137.25,101.42932,2022-11-23T02:25:33.267Z,,2024-01-09T03:55:41.936Z,,,
ecash,xec,eCash,https://assets.coingecko.com/coins/images/16646/large/Logo_final-22.png?1696516207,0.0000349,694529819,99,744067259,13635846,14.86063,100570660,16.93225,19601892173092,21000000000000,21000000000000,0.00038001,-90.72393,2021-09-04T17:09:31.137Z,0.00001847,90.85246,2021-07-20T20:49:46.212Z,,2024-01-09T03:56:03.777Z,,,
gatechain-token,gt,Gate,https://assets.coingecko.com/coins/images/8183/large/gate.png?1696508395,5.05,688253762,100,1515618055,1554873,2.61705,16790437,2.50057,136232296.7235079,300000000,,12.94,-60.99087,2021-05-12T11:39:16.531Z,0.25754,1860.27885,2020-03-13T02:18:02.481Z,,2024-01-09T03:55:45.501Z,,,
